reg_no,name,batch,password
312324104020,"ALLEN JOSEPH G",3Y-HOPE-ELITE,97T2aLnnkS
312324104034,"ARUL ANANTH A",3Y-HOPE-ELITE,jxBHzrDXg6
312324104116,"JEBASINGH SUNDERSON I",3Y-HOPE-ELITE,Lcsvah5Bfh
312324104118,"JEBIN VICTOR SIMON",3Y-HOPE-ELITE,rQh4C7uXqy
312324104128,"JOANNA KIRUBA",3Y-HOPE-ELITE,RtYYRsqxsu
312324104132,"JOLIN A",3Y-HOPE-ELITE,c6zfewc3HD
312324104165,"MADHAV R",3Y-HOPE-ELITE,WwCt4GsuvJ
312324104172,"MICHAEL JOHN FRANKLIN R",3Y-HOPE-ELITE,GEHSet3Z3N
312324104228,"RICARDO R",3Y-HOPE-ELITE,vuet8Vh5sT
312324104234,"ROHITH KUMAR S",3Y-HOPE-ELITE,MxE7928DWw
312324104257,"SANTHOSH L",3Y-HOPE-ELITE,Ghb4sqZRvc
312324106103,"MODDHESWAR S P",3Y-HOPE-ELITE,LQ9hpXvUVw
312324149061,"VIGNESHWARAN S",3Y-HOPE-ELITE,dvuyG3UD89
312324205020,"AYESHA SIDDIQA K",3Y-HOPE-ELITE,YZdwQspkAH
312324205085,"JASWIN RAJKUMAR A",3Y-HOPE-ELITE,rAyScc8CQT
312324205119,"MEENAKSHI S",3Y-HOPE-ELITE,gKzQ7XTt73
312324205210,"SIDDHARTH SRINIVASAN",3Y-HOPE-ELITE,GsJkH5qmph
312324214016,"HARINI M",3Y-HOPE-ELITE,E79qDa9Nmd
312324243009,"AKASH M",3Y-HOPE-ELITE,2MjrEjAzRM
312324243086,"JEEVAN KINGSLEE J",3Y-HOPE-ELITE,nxqgspUzDE
312324243152,"PAVITHRA B",3Y-HOPE-ELITE,bkGZz6HFpW
312324243201,"SANTHOSH S",3Y-HOPE-ELITE,ZRxKUMHqct
312324243219,"SIVABALAN S",3Y-HOPE-ELITE,QdYuBLQLHW
312324243226,"SRI RAM MOORTHY S",3Y-HOPE-ELITE,7AFFzEYFGf
312324243238,"THARUNRAJ S",3Y-HOPE-ELITE,HHxwZcABb9
312324247025,"GAURROV S NARAYANAN",3Y-HOPE-ELITE,EEbCmLpEcT
312324247059,"MOHAN M",3Y-HOPE-ELITE,pVCa6WEvef
312324247072,"NIZARUDEEN",3Y-HOPE-ELITE,FQtWRb7gVV
312324247075,"PRAJEETH H",3Y-HOPE-ELITE,GUL4Pq4zNq
312324247092,"SANTHOSH KUMAR B",3Y-HOPE-ELITE,mHJQyySTex
312324247101,"SREESANTH R",3Y-HOPE-ELITE,92yKY3ny6f
312324247115,"TAMILSELVAN S",3Y-HOPE-ELITE,V47XSg2dYV
312424104001,"AADITHIA VENKATA SURESH KUMAR",3Y-HOPE-ELITE,Pqj5FqNAGF
312424104021,"ALLEN JUSVIN J",3Y-HOPE-ELITE,PWz58GQELz
312424104056,"DHARANI P",3Y-HOPE-ELITE,nHdsEZhDJp
312424104073,"HARIHARAN R",3Y-HOPE-ELITE,zmbqGPMCTv
312424104093,"JAGAN MUMMUDI SRIDHAR",3Y-HOPE-ELITE,rSLUrWGtg5
312424104125,"KRISHNAKUMAR R",3Y-HOPE-ELITE,LVREwPCcwQ
312424104140,"MANGALA SWETHA M",3Y-HOPE-ELITE,Cb7GJeE5u4
312424104157,"NANDHANA M A",3Y-HOPE-ELITE,BVfjMwVPg9
312424104216,"SETHUMATHAVAN S P",3Y-HOPE-ELITE,HZWMAHnYqj
312424104238,"SUSHAN KANNAH D",3Y-HOPE-ELITE,X6xYGTeuWN
312424104253,"UDHAYA KUMAR M",3Y-HOPE-ELITE,3a9aBm4LB4
312424105029,"PRAGADHEESH S",3Y-HOPE-ELITE,sNBS6q3xqD
312424106183,"VIGNESH R",3Y-HOPE-ELITE,44bKLdVD4R
312424205035,"BAVAN BALAJI A",3Y-HOPE-ELITE,hauwVCaDKr
312424205044,"DANISH BASHA N",3Y-HOPE-ELITE,aSGtHF52MG
312424205103,"KAMALESH K",3Y-HOPE-ELITE,8kXsnAhHpL
312424205235,"TAMIL SELVAN K",3Y-HOPE-ELITE,Bxb75UYFCf
312424205242,"THOLKAPPIYAN V",3Y-HOPE-ELITE,cPE2YqRfBa
312424205246,"VARADHARAJ S",3Y-HOPE-ELITE,aXZ2pYHR67
312424205248,"VASANTHAKUMAR S",3Y-HOPE-ELITE,XGyKcmcYrv
312424243122,"RAJAVARSHAN R R",3Y-HOPE-ELITE,cEznzus2zj
312424243175,"TISHA ANGEL E S",3Y-HOPE-ELITE,c92HCFwhgm
312324104015,"AKSHAYA MAGESH",3Y-HOPE-B1,LAvm7scvk4
312324104030,"APOORVA R",3Y-HOPE-B1,dDzbpNyqCn
312324104031,"ARAVIND G",3Y-HOPE-B1,fEGmJkTqJY
312324104037,"ASVIN KUMAR R",3Y-HOPE-B1,Cm6nPYXcsB
312324104074,"DHIVYA I",3Y-HOPE-B1,GfpN8GjfLB
312324104077,"EDLYN JESSICA PHILP",3Y-HOPE-B1,dF2YQ24H3X
312324104094,"HARIKUMAR M",3Y-HOPE-B1,JgGwgPhVyk
312324104098,"HARINI ASHOK KUMAR",3Y-HOPE-B1,qLR7rjYB86
312324104139,"KARTHIKA V",3Y-HOPE-B1,bQDB9DYxJA
312324104175,"MITHUL TAMILMANI",3Y-HOPE-B1,T34zmuHAfB
312324104196,"NIVEDHITHA K S",3Y-HOPE-B1,Yh2hkYvygL
312324104229,"RICKY S",3Y-HOPE-B1,VNb92cXbQS
312324104238,"RUPAK M",3Y-HOPE-B1,SEbTMMRLks
312324104244,"SAM MATHEW S A",3Y-HOPE-B1,MDySHmK6sM
312324104274,"SIVA ADITHYA NARAYANA A",3Y-HOPE-B1,ByBXsDaUSq
312324104281,"STEVE ALLAN PAUL S",3Y-HOPE-B1,ctTEpu89Nz
312324104315,"VIGNESHWARAN C",3Y-HOPE-B1,JtXSnfNfT4
312324106006,"ADITYA K",3Y-HOPE-B1,frk4jCW3GQ
312324106012,"ANJANA RANGARAJAN",3Y-HOPE-B1,mpKVmCQxV7
312324106018,"ASWIN ROCH J",3Y-HOPE-B1,wWVcpTZMrG
312324106085,"KOPISHANKAR S Y",3Y-HOPE-B1,n9WDKUXKjb
312324149013,"FARHA TAZMEEN C",3Y-HOPE-B1,kdmSy8e4eU
312324149035,"LAKSHANA K",3Y-HOPE-B1,FqAnmM3w6n
312324149037,"NIVETHA J",3Y-HOPE-B1,Ltg5Y2c6gh
312324149040,"POOJA A D",3Y-HOPE-B1,EJwaSUaaDJ
312324205003,"ABISHEK JOEL E",3Y-HOPE-B1,7YTsJcvDtK
312324205061,"GEOFFREY JABEZ STEPHEN",3Y-HOPE-B1,C4hYPcnyGV
312324205118,"MANSSA SRI",3Y-HOPE-B1,6svqBAVVzr
312324205131,"NARMADHA M",3Y-HOPE-B1,RmM9dKjVDc
312324205184,"SAAIVISHRUDH S",3Y-HOPE-B1,U7LAdHSXes
312324205213,"SIVAMOORTHY P",3Y-HOPE-B1,28xbzMc8Hd
312324243074,"HARRICK CHRISTO J P",3Y-HOPE-B1,eTuxDzvwzW
312324243120,"MANOHARESH S",3Y-HOPE-B1,6wGUyfemTz
312324243138,"MUGESH R",3Y-HOPE-B1,BYh39e5XnT
312324243146,"NIKIL P",3Y-HOPE-B1,Nh7crv6fY2
312324243205,"SARUMATHI I",3Y-HOPE-B1,7j4v4mGWjX
312424104047,"CAITLIN MIRIAM N",3Y-HOPE-B1,My7XpXMNTs
312424104149,"MOHAMMED ISMAIL S",3Y-HOPE-B1,yvpXjeLpXP
312424104155,"MOSES GUNASEELAN",3Y-HOPE-B1,sHbFtCGbn7
312424104193,"RAHUL MAYAN L",3Y-HOPE-B1,FTPdcAEtNZ
312424105031,"RAHULRAJ S",3Y-HOPE-B1,WgKRzLCTQw
312424205043,"CRUZ SANTINO M",3Y-HOPE-B1,BVxsmqTyKq
312424205195,"SANJEETH M",3Y-HOPE-B1,tXxGvqkABb
312424205252,"VISHAL V",3Y-HOPE-B1,H5ZUDKwDgs
312424243074,"KAYALVIZHI V",3Y-HOPE-B1,emPCWeMZGV
312424243108,"PADMANABHAN S",3Y-HOPE-B1,9UNSBuHVTD
312424243110,"PAVITHRA E",3Y-HOPE-B1,Mcfn7CHfNC
312324104001,"AADHIRAMAN R",3Y-HOPE-B2,nVfczNDAuS
312324104002,"ABEL OSBERT F",3Y-HOPE-B2,mZQj8ZAxP3
312324104007,"ACKQUEEN SHANA J",3Y-HOPE-B2,qJbWJXhrq3
312324104016,"ALAN BABU K",3Y-HOPE-B2,gs2nBRQQ35
312324104060,"CRISTON INFANTO REX R",3Y-HOPE-B2,V5MtXWRAB8
312324104076,"DIYA ELIZABETH J",3Y-HOPE-B2,npRszqcPXU
312324104078,"ELAMATHI K",3Y-HOPE-B2,xhbKHvPgCz
312324104150,"KIRUTHIK M",3Y-HOPE-B2,Rzfx92TjLZ
312324104179,"MOHAMMED THOUFIQ N",3Y-HOPE-B2,pn6bpUCKWb
312324104197,"NIVETHITHA K K",3Y-HOPE-B2,AGY5g6YRpX
312324104211,"PRASANNA VENKATESAN E",3Y-HOPE-B2,PRzwyYW5Bq
312324104221,"RAJA ELANTHIRAYAN R",3Y-HOPE-B2,mxyzxPD4Xy
312324104230,"RITISH S",3Y-HOPE-B2,GdaVZhs6DY
312324104247,"SAMPATH A",3Y-HOPE-B2,SpTHHfKbMn
312324104270,"SHRUTHI N",3Y-HOPE-B2,cLaMqa4axA
312324104282,"STEVE FRANCIS JESA X",3Y-HOPE-B2,smtxe7pxZ2
312324104286,"SURENDRAN M",3Y-HOPE-B2,67gP55QYS8
312324104287,"SURYA S",3Y-HOPE-B2,J8jyADLERx
312324104288,"SUSHIL DAVID V",3Y-HOPE-B2,3b6NfjRSqg
312324104301,"THARUN KUMAR M",3Y-HOPE-B2,MLxKHtJN3t
312324104304,"UDAYA M",3Y-HOPE-B2,mueEqebC2U
312324104312,"VIDHIYA M",3Y-HOPE-B2,a5kwvdk8e5
312324104313,"VIGNESH R",3Y-HOPE-B2,Uqs6YHGku4
312324104314,"VIGNESH S",3Y-HOPE-B2,HaBs4nFxFt
312324104330,"YUVAKUMARAN R",3Y-HOPE-B2,uh9kzWGHMM
312324106013,"ANTO PRISIN D",3Y-HOPE-B2,ETQQNwbPrk
312324106120,"PRANITHA SRI O",3Y-HOPE-B2,GzkpN3nkgA
312324106145,"SANJAY S",3Y-HOPE-B2,cnf693dVHp
312324149007,"BERSHIKHA REX B S",3Y-HOPE-B2,cxm7u8mKbA
312324149025,"KAMALANATHAN S",3Y-HOPE-B2,VkdArG4Kg6
312324149039,"PIRITHIVIRIJI R",3Y-HOPE-B2,ayPsvu2uDA
312324205031,"CHANDRU T",3Y-HOPE-B2,zPyrfpP7aQ
312324205109,"LIJO FELIX F V",3Y-HOPE-B2,8dHTjTm2ak
312324205155,"PRADEEP DHAMODHARAN",3Y-HOPE-B2,VAn6nzzjpw
312324205260,"YUVAN ADITHIYA BALAKRISHNAN",3Y-HOPE-B2,BvLhpJAxQE
312324243001,"AARTHY M",3Y-HOPE-B2,rLDE8qF7Lv
312324243002,"ABIRAMI S",3Y-HOPE-B2,wujqgYgx7F
312324243006,"ADITHYA JOTHIR D",3Y-HOPE-B2,XW4TCPCWCB
312324243007,"AJAY DHARSHAN R",3Y-HOPE-B2,gqJRqmkSau
312324243008,"AJITH B",3Y-HOPE-B2,Qxf55sw7ZK
312324243012,"ALFRO DANISH A",3Y-HOPE-B2,xpaQj8SsPe
312324243015,"ANANTH B",3Y-HOPE-B2,JDQqCaJMbA
312324243019,"ANITHA N",3Y-HOPE-B2,hWBD8PrarX
312324243020,"ANNEL JEFFERSON S A",3Y-HOPE-B2,3RzK7Kyfja
312324243028,"BALAJI HARIHARA SUDHAN A",3Y-HOPE-B2,DkBhddaP7W
312324243036,"DHANALAKSHMI M",3Y-HOPE-B2,UqDS7C3F2n
312324243046,"DIVYA R",3Y-HOPE-B2,4cDuvNXjUs
312324243049,"DURGA THARSHINI A",3Y-HOPE-B2,jqYum2HjtH
312324243056,"EZEKIEL G",3Y-HOPE-B2,DQVNH7jfnA
312324243058,"GARCIA MESSY F",3Y-HOPE-B2,DThkTJvmnK
312424104031,"ARAVIND R K",3Y-HOPE-B2,zv75G29atH
312424205234,"SWETHA S",3Y-HOPE-B2,LHUbfgYdKq
312424205258,"YUVASHREE B",3Y-HOPE-B2,Q8nJ2sGAL7
312424243072,"KAVI BHARATHI S",3Y-HOPE-B2,GRssADxv9T
312324104086,"GOPESH KRISHNA T V",3Y-HOPE-B3,HcMwrtJSkj
312324104113,"JASHVANTHAN A",3Y-HOPE-B3,Bv8Hws9fS6
312324104135,"JOSHUA JEEVAN S",3Y-HOPE-B3,CJW3dyBuYZ
312324104137,"KAMALESH P",3Y-HOPE-B3,VKJDeeq4jR
312324104180,"MOHAMMED YUSUF MOHAMMED KUTPUDEEN",3Y-HOPE-B3,GjSdM6Gcns
312324205009,"AKSHAYA K",3Y-HOPE-B3,mgYpWZVrZb
312324205045,"DHANYASHREE N",3Y-HOPE-B3,GcefUJ5MDJ
312324205153,"POOJA MOHANRAM MUTHUDEVI",3Y-HOPE-B3,945RuSrhBV
312324205195,"SANDHYALAKSHMI SELVAMUTHUKUMARAN",3Y-HOPE-B3,SsLakqgFdp
312324205204,"SATHYASHREE G",3Y-HOPE-B3,TzHyjxafzZ
312324205236,"TEJALAKSHMI SETHURAMAN",3Y-HOPE-B3,vSSX5tsNpC
312324205239,"THASLIMA NASRIN",3Y-HOPE-B3,2pUfEQ9hhS
312324205241,"THILAGARAAJ JAYACHANDRAN",3Y-HOPE-B3,bxSHuAhYTy
312324243060,"GAVIN N BENEDICT",3Y-HOPE-B3,ucjfKr23Zr
312324243061,"GAYATHRI R",3Y-HOPE-B3,7PrttE9ssq
312324243088,"JENISH MANIRAJ J C",3Y-HOPE-B3,gAaDQZgjFQ
312324243092,"JOSWA SRIRAM M",3Y-HOPE-B3,XmFcY3pHF4
312324243131,"MOHAMED ZUHAIL A",3Y-HOPE-B3,Jf8hshTDHR
312324243196,"SANJANA J",3Y-HOPE-B3,S6YCtAEjc7
312324247066,"MUKESH ANAND K B",3Y-HOPE-B3,wsQZ4sW57z
312324247086,"RISHI KRISH RENGAPRABU",3Y-HOPE-B3,V3VVf5qqqx
312324247090,"SAKTHI DHARMARAJAN S",3Y-HOPE-B3,xw5Lz8WYxH
312324247097,"SHERBIN J",3Y-HOPE-B3,qCugeVNeja
312324247106,"SUGAPRIYAN MURALI",3Y-HOPE-B3,Gf7yFrZb73
312324247123,"VISHWANATH SAKTHIRAJ",3Y-HOPE-B3,wV74tr2Tcm
312324247124,"VIYEN M K",3Y-HOPE-B3,NkXTGrc4bH
312424104010,"ADHARSH NARAYAN S P",3Y-HOPE-B3,vY9PteJxTc
312424104144,"MARIA ANTONY MARTIN J",3Y-HOPE-B3,7MbTAvwfT9
312424104227,"SIVA SUBANESH T K",3Y-HOPE-B3,SLB3UJQdhN
312424104256,"VENISH A",3Y-HOPE-B3,zTFE2zVnGA
312424106078,"KARTHI P",3Y-HOPE-B3,f2RXESQtcN
312424106181,"UDHAYAVARAN MAGESHWARAN",3Y-HOPE-B3,TGX93KRBQ3
312424205003,"ABHINASH BALAJI",3Y-HOPE-B3,YfHJ4WEqQu
312424205009,"AJAI DEV M",3Y-HOPE-B3,Tmzx3sPL9u
312424205072,"HARI KRISHNA M",3Y-HOPE-B3,rn6phDbFH7
312424205092,"JAYAVANDHINI M K",3Y-HOPE-B3,hpa2pNXeKT
312424205174,"RAGHUL S",3Y-HOPE-B3,EmYEPEeU7D
312424205178,"REJIN R",3Y-HOPE-B3,t94q2nS3Qd
312424205205,"SELESTINE PARUL S P",3Y-HOPE-B3,zgPNtHua6h
312424205232,"SWEETY M",3Y-HOPE-B3,77s5g5CHWJ
312424243011,"ANBARASAN P",3Y-HOPE-B3,Mw8GcvnRVc
312424243017,"ASHLIN JOHN J",3Y-HOPE-B3,KUV87zvS9e
312424243022,"BARATH N",3Y-HOPE-B3,sbUcJ33kC4
312424243028,"DEEPESH KUMAR S",3Y-HOPE-B3,dTDfPHt8pV
312424243052,"HARIKUMAR S",3Y-HOPE-B3,GSDuYvfRAj
312424243064,"JEFFWIN DANIEL N",3Y-HOPE-B3,LRfApKbJFy
312424243069,"JOSHUA DANIEL N",3Y-HOPE-B3,bVhru7WdaM
312424243080,"KOWSHICK RAJA M",3Y-HOPE-B3,BFsVgJ29Ts
312424243103,"NITESH S",3Y-HOPE-B3,u8JhAmCxPu
312424243123,"RAKESH D",3Y-HOPE-B3,LVjQPWkqyg
312424243126,"REHANA TABASSUMB S",3Y-HOPE-B3,5PUC48Vr9q
312424243147,"SELVA DINESH SELVASWAMINATHAN",3Y-HOPE-B3,qT6XmpCtE5
312424243162,"SRIRAM PRASATH P",3Y-HOPE-B3,RGWP5nkufr
312424243164,"SUBASREE S",3Y-HOPE-B3,kRSGKCtDXr
312424243185,"VIJAYA RAGHAVAN V",3Y-HOPE-B3,JYDRgfavuK
312324104003,"ABHINAV K",3Y-HOPE-B4,vrfdFcAkTJ
312324104013,"AKSHAY A NAIR",3Y-HOPE-B4,Dzv7FCzsKN
312324104018,"ALFRED XAVIER J",3Y-HOPE-B4,DNrbyDYxFJ
312324104019,"ALIN FEMI S",3Y-HOPE-B4,j29ZEveesS
312324104027,"ANUSHRI V",3Y-HOPE-B4,Ez8Mem72uz
312324104028,"ANUSUYA R",3Y-HOPE-B4,T7CsBqjZCx
312324104048,"BHARATH KRISHNAN S",3Y-HOPE-B4,UzCAd5gtJw
312324104054,"CHARLES EDWIN P",3Y-HOPE-B4,u9vhuMYC5T
312324104057,"CHIDAMBARA PRIYA L M",3Y-HOPE-B4,3F2M6bRsZp
312324104069,"DHARANIRAJA C",3Y-HOPE-B4,ascD93zMqf
312324104071,"DHARUN J R",3Y-HOPE-B4,gjdkDgq6eT
312324104073,"DHILIP KUMAR B",3Y-HOPE-B4,EmjR9jnFJR
312324104084,"GABRIEL SIVAKUMAR",3Y-HOPE-B4,tyMaAuCGq6
312324104088,"GOURI SHANKAR S",3Y-HOPE-B4,hX8Qtz8nV5
312324104090,"GOVINDASAMY A",3Y-HOPE-B4,6Ge4njxjNt
312324104099,"HARIPRASATH M R",3Y-HOPE-B4,3kKkRqP2Nf
312324104123,"JEFFREY RAJA RAJENDRAN J",3Y-HOPE-B4,ewpE7cAtQZ
312324104152,"KRISTEN SAGAYARAJ V",3Y-HOPE-B4,p2wnAwHK6k
312324104169,"MATTHEW SEBBI FRANK P",3Y-HOPE-B4,qJ5Wr29X9E
312324104184,"NAGASH R",3Y-HOPE-B4,mmbByMU4Mq
312324104185,"NAJUMA BANU M",3Y-HOPE-B4,X2bAze2d9j
312324104201,"PAVITHRA T",3Y-HOPE-B4,GW2ZwqLfVj
312324104209,"PRANAV SUDHAKAR",3Y-HOPE-B4,AuaK35fZc5
312324104212,"PRATHAP S",3Y-HOPE-B4,ALAMtGfbQZ
312324104214,"RAAGUL A V",3Y-HOPE-B4,3Fq4C5e3rA
312324104250,"SANGEETHA R",3Y-HOPE-B4,4TfQX6yeNX
312324104263,"SEYD ALI FATHIMA A",3Y-HOPE-B4,xNy7FnSc83
312324104269,"SHRISHTICA E T",3Y-HOPE-B4,M3X4Tj5wCn
312324104284,"SUGASRI V",3Y-HOPE-B4,smBUAyvjgN
312324104285,"SUGUMAR M",3Y-HOPE-B4,VB4DnDJKSK
312324104293,"TAMILSELVI A",3Y-HOPE-B4,mn9YvdCQ5N
312324104305,"UMA BHARATHI M",3Y-HOPE-B4,u6jVVWUkE3
312324104306,"VARSHITHA K",3Y-HOPE-B4,FjhygZnNbw
312324104309,"VATHSALYA B",3Y-HOPE-B4,ftLtVkdus8
312324104322,"VIVEDHA K",3Y-HOPE-B4,yuf672Zq76
312324106074,"KARTHIK G",3Y-HOPE-B4,2LazWEmAQX
312324106084,"KISHORE S",3Y-HOPE-B4,ggWk4hbXSJ
312324106090,"LINGESHRAJ P",3Y-HOPE-B4,MsxMLR6NWc
312324106130,"RAGAVI R",3Y-HOPE-B4,rjapqh2ajA
312324106135,"ROHAN KRISHNA S K",3Y-HOPE-B4,LYQS5B6feN
312324106160,"SHREE SANKAR K",3Y-HOPE-B4,MHNbGWnfKk
312324106188,"VISHNU VARDHAN E",3Y-HOPE-B4,QyYLcJM2bU
312324114025,"JASWANTH K",3Y-HOPE-B4,8gFEKVR5UE
312324205011,"ALDAM JEFFRON J",3Y-HOPE-B4,zPRP4q43va
312324205022,"BALLAN",3Y-HOPE-B4,s6xQ4xTyqt
312324205058,"GANESHKUMAR G",3Y-HOPE-B4,tJUrBsxaeZ
312324205068,"HARIKISHANTH R",3Y-HOPE-B4,Zv2L53BWy7
312324205073,"HARSHINI A",3Y-HOPE-B4,6QHTeK6hnk
312324205095,"JESLIN SANTEENA JEYASURESH",3Y-HOPE-B4,4v5PHuDJ6s
312324205125,"MOHANABALAJI S",3Y-HOPE-B4,cPPr7Ky7kp
312324205130,"NAGOOR NAINA MOHAMED A",3Y-HOPE-B4,4t8vwXPjed
312324205143,"NITHYASREE J",3Y-HOPE-B4,nXhgLSnAgF
312324205147,"PAVADHARINI G",3Y-HOPE-B4,SbdjVgLqYk
312324205169,"RAKSHANA S B",3Y-HOPE-B4,bL3WSz2R6z
312324205186,"SADANANDH.P",3Y-HOPE-B4,Uf7S2ngSHu
312324205190,"SAISARAN",3Y-HOPE-B4,yPQ8aXsu8u
312324205198,"SANJAY KUMAR K",3Y-HOPE-B4,kAtdxKXY33
312324205216,"SRIDHAR K",3Y-HOPE-B4,SkGERqyhxE
312324205257,"WIL BRIGHT RAJAN P",3Y-HOPE-B4,uDcdGkbvyq
312324243037,"DHANUSHRI MUTHUKUMARAN",3Y-HOPE-B4,wNhueTgVr8
312324243125,"MICHAEL ANTONY J",3Y-HOPE-B4,k9nuEwn8ha
312324243142,"NARENDRA PRASAD R",3Y-HOPE-B4,BqkLWryXFw
312324243147,"NISHANT S",3Y-HOPE-B4,LmSvZ3w8n4
312324243163,"PRIYADHARSHINI  K",3Y-HOPE-B4,fYrJ2ADKDu
312324243166,"PRIYANKA S",3Y-HOPE-B5,NVRXQD2YZ5
312324243180,"ROKIYTH K",3Y-HOPE-B5,F6rW2wSw2L
312324243239,"THAYANITHI R",3Y-HOPE-B5,PsCfDa3zHX
312324247003,"ABHINAYA A",3Y-HOPE-B5,er7ccUs3sK
312324247008,"ASHWAC FRANCO",3Y-HOPE-B5,pJaWnUYwdA
312324247014,"DEEPAK RAAJA H J",3Y-HOPE-B5,FTuk98r9kd
312324247019,"DHEEPESH N",3Y-HOPE-B5,EdU6SbUSzk
312324247021,"DIVYA AISWARYA S",3Y-HOPE-B5,rmWnjRnRbb
312324247028,"GURUCHARAN  S",3Y-HOPE-B5,MGmkCnSzg9
312324247038,"JEEVIKA K",3Y-HOPE-B5,uPk6dxSPHb
312324247044,"KARISHMASREE R",3Y-HOPE-B5,CURGUcMjzW
312324247054,"MIRDULA R",3Y-HOPE-B5,pbbGeDWucq
312324247056,"MOHAMED SHATHAKATHULLA M",3Y-HOPE-B5,DZMrjEQ4s2
312324247073,"OM MURUGAN M",3Y-HOPE-B5,erNHPwbKeH
312324247081,"RASMY R K",3Y-HOPE-B5,fvL9Kg7rQY
312324247093,"SARAN P",3Y-HOPE-B5,PsypCp9Jf7
312324247110,"SURYA S",3Y-HOPE-B5,WBQ489QKN9
312324247113,"SWETHA S",3Y-HOPE-B5,FJxaTMK4ba
312324247116,"THANVI RITHANYA K",3Y-HOPE-B5,W3vyuAFuNf
312324247118,"THENNARASU K",3Y-HOPE-B5,9taFsG8Mdy
312324247126,"YOGENDIRAN S P",3Y-HOPE-B5,pusFCySEjp
312424104015,"AISHWARYA V",3Y-HOPE-B5,NcLMQufx3A
312424104016,"AJEESH ARVINTH B",3Y-HOPE-B5,DaGjje6tEq
312424104026,"ANAS MOHAMMED A",3Y-HOPE-B5,zrhmRkyJ7m
312424104027,"ANGELINE L",3Y-HOPE-B5,xGgpCxMHD4
312424104032,"ARUN KARTHIK A",3Y-HOPE-B5,uV5teAVDkb
312424104037,"AVANTHIKHA R",3Y-HOPE-B5,gCRvGjAbPP
312424104065,"GODSON SURESH",3Y-HOPE-B5,zDm8LpzEGm
312424104094,"JALIN S",3Y-HOPE-B5,tAU4H4PGVz
312424104102,"JERLYN RIONA R",3Y-HOPE-B5,mK2HxU6qwx
312424104103,"JERSHAN DAVID D",3Y-HOPE-B5,Xa55ZeHwZk
312424104153,"MOHANRAJ C",3Y-HOPE-B5,qyZKbVjNeS
312424104158,"NANDHINI DEVI V",3Y-HOPE-B5,yWCYr3mh6M
312424104175,"POOJA B",3Y-HOPE-B5,vpPBf4SNLP
312424104191,"RAHUL J N",3Y-HOPE-B5,u45LkWsZmQ
312424104198,"RIDSAN S",3Y-HOPE-B5,9yeNUa2h5U
312424104199,"RISHI S",3Y-HOPE-B5,caYszRyBtB
312424104221,"SHERWIN D",3Y-HOPE-B5,ByGNDh5sjn
312424104230,"SRIRAAM V C",3Y-HOPE-B5,LWD6xkb2gT
312424104258,"VINIE SHARON D",3Y-HOPE-B5,UJmd86QMQJ
312424106041,"DHAYANIDHI S",3Y-HOPE-B5,fDBktTL49d
312424106043,"DINESH K",3Y-HOPE-B5,zEALcsuKWd
312424106062,"HEMARAJ N",3Y-HOPE-B5,rbGfcNs3HM
312424106088,"KRISHNA MURTHY K",3Y-HOPE-B5,4whNDFC8xg
312424106149,"SANTHIYA R",3Y-HOPE-B5,cHmhQpsu4K
312424106159,"SHAMEERA ASMA F",3Y-HOPE-B5,tJWj9HtPNT
312424106170,"SUGANTHI R",3Y-HOPE-B5,nJNsVe2g6t
312424106182,"UMAMAGESWARI V",3Y-HOPE-B5,KZabEuy8Vu
312424205085,"JANANI M",3Y-HOPE-B5,mXyxQTBa7s
312424205207,"SHADRACK A",3Y-HOPE-B5,9pz2rN8Xpn
312424205208,"SHAHID NIYASH A",3Y-HOPE-B5,zZEwAEd8L4
312424205209,"SHAKTHI J",3Y-HOPE-B5,jV7BE7pnFW
312424205216,"SHERUBA S",3Y-HOPE-B5,W8JnLxdhQc
312424205220,"SIDDHARTH S",3Y-HOPE-B5,e48dES24Wu
312424205239,"THEJASRI R",3Y-HOPE-B5,Kvucvn6KNs
312424205243,"UMA M",3Y-HOPE-B5,yjeSGT5eFJ
312424243010,"AMAL SANICA X",3Y-HOPE-B5,SwxF7bDBXU
312424243026,"BUVANESH V B",3Y-HOPE-B5,9EMD9meaTv
312424243051,"HARIHARAN K S",3Y-HOPE-B5,HTfZyEXQXV
312424243071,"KAVI BHARATHI J",3Y-HOPE-B5,2JjQYC5s7C
312424243097,"MURUGANANDAM B",3Y-HOPE-B5,J9mrRxMaf3
312424243113,"PRAGATI R A",3Y-HOPE-B5,a9qYNYHLwH
312424243128,"RITHIK RAJAN R",3Y-HOPE-B5,jjdkfKsTSV
312324104004,"ABIJEETH A P",3Y-HOPE-B6,pSZqzscBRX
312324104038,"ASWIN C",3Y-HOPE-B6,27PtuTELn5
312324104055,"CHARUKESH SIVAM S",3Y-HOPE-B6,PGT5pG4Ae5
312324104092,"HANS DAVIDSON S",3Y-HOPE-B6,S5ppXLBhNb
312324104111,"JAIYA MANUSSHA P A",3Y-HOPE-B6,NnDCWvAebh
312324104170,"MEENA DEVI T",3Y-HOPE-B6,HJN8BdT935
312324104206,"PRAKASH M",3Y-HOPE-B6,M5J4AHVN7n
312324104208,"PRANAV T V",3Y-HOPE-B6,4pUct6Mqsu
312324104215,"RAGAVI I",3Y-HOPE-B6,9ATP843PDz
312324104222,"RAM HIRTHICK S",3Y-HOPE-B6,ZJucbAcPku
312324104233,"ROHITH V R",3Y-HOPE-B6,bHPLkM5ur5
312324104237,"RUFUS S",3Y-HOPE-B6,UCnF5E5jT2
312324104239,"SAATHVIKA N S",3Y-HOPE-B6,Y6A4MdTqEQ
312324104243,"SAKTHI NATCHIYAR K",3Y-HOPE-B6,LJUCtYfFRv
312324104246,"SAMEERA I",3Y-HOPE-B6,AfmWDfcuRz
312324104249,"SANDRA PRESANNA S A",3Y-HOPE-B6,GkpWumFTkV
312324104253,"SANJANA R",3Y-HOPE-B6,sB5S5p6S2R
312324104265,"SHEFIN JIJO S F",3Y-HOPE-B6,eBZTVd66KA
312324104278,"SRI SHARU MAYE K",3Y-HOPE-B6,pBjeEBYV3G
312324104307,"VARUN S",3Y-HOPE-B6,EFZt6dwWdS
312324104319,"VISHWA RUBA G",3Y-HOPE-B6,JC4UmsW7bK
312324104327,"YOGESHWAR S",3Y-HOPE-B6,k7QWcfd9TP
312324104329,"YOGESHWARAN P",3Y-HOPE-B6,6m2mrg3FB8
312324104331,"YUVARAJ L",3Y-HOPE-B6,xgFSmuR7Kx
312324104332,"YUVASHREE C",3Y-HOPE-B6,qJPqNLaFT9
312324104353,"AUXILIO SIMSON MOTHA",3Y-HOPE-B6,9bxznTwzK4
312324104364,"SNEHA SREE S",3Y-HOPE-B6,HQVBY3XpvJ
312324104365,"TAHSEEN FATIMA",3Y-HOPE-B6,t97937yGbu
312324105015,"ARJUN A L",3Y-HOPE-B6,yX6JcM6QjJ
312324105071,"MARIA ROGAN A",3Y-HOPE-B6,QsuEReBnmU
312324105092,"RAVIKRISHNAN E",3Y-HOPE-B6,uEapfGQ6fb
312324105094,"SANJAY K",3Y-HOPE-B6,aSUjz2hTSy
312324106011,"AKILESH V",3Y-HOPE-B6,St5BcMmsvz
312324106031,"DHARMESH S",3Y-HOPE-B6,LcgMYtHtXe
312324106096,"MANCY MARIA J",3Y-HOPE-B6,qq3XjmDmbF
312324106100,"MARIYA PAPAA A",3Y-HOPE-B6,ZcEC4rfgBB
312324114008,"ASHISH DEV S P",3Y-HOPE-B6,yz8h3CT3rg
312324149003,"AJAYKUMAR S",3Y-HOPE-B6,QDsgsGSZqt
312324149021,"JEFRIN SANTO S V",3Y-HOPE-B6,ad9jjQ4DHQ
312324149024,"JOVIN GIBSON A",3Y-HOPE-B6,SuNm6J2gFe
312324149038,"PADMASRI R",3Y-HOPE-B6,MGhbMKcg3Q
312324149060,"VIGNESH S",3Y-HOPE-B6,wKhdzUS8g9
312324205004,"ABISHMA B",3Y-HOPE-B6,7k67VVNtQZ
312324205005,"ADELIN PATRICIA",3Y-HOPE-B6,Hyjw3RrJc3
312324205021,"BALAMURUGAN A",3Y-HOPE-B6,WegdZCs86T
312324205050,"DHURGA L",3Y-HOPE-B6,XUUzSBDsYm
312324205056,"ESAKKIMUTHU",3Y-HOPE-B7,Wdvjb2fx9V
312324205060,"GAYATHRI VARSHA N",3Y-HOPE-B7,d2G2ppLfJb
312324205088,"JEEVITHA S K",3Y-HOPE-B7,QX5efckYzV
312324205124,"MOHAMED SUKAIL.S",3Y-HOPE-B7,MqA6yfxuwT
312324205136,"NIKSHITHA S",3Y-HOPE-B7,QUJN8bGmn4
312324205162,"PREETHIKKA K",3Y-HOPE-B7,fNrXXkxtgf
312324205175,"RITHIKA D",3Y-HOPE-B7,hWBxEhGr8j
312324205203,"S.A.SASHANK",3Y-HOPE-B7,qeYAdnW5ZN
312324243013,"AMIRTHA PRIYA A",3Y-HOPE-B7,xHjYsqRJZ4
312324243017,"ANIESH S",3Y-HOPE-B7,YXKFBNPbrj
312324243024,"ASHWIN R",3Y-HOPE-B7,DGRWRnFJNR
312324243027,"BALA SUBRAMANIAM S",3Y-HOPE-B7,rkCAa3MZdB
312324243033,"DEEPA LAKSHMI V",3Y-HOPE-B7,3jhEaGHsaa
312324243042,"DINESH M",3Y-HOPE-B7,2JEwwEjyLc
312324243044,"DINESH KALANGIYAM P",3Y-HOPE-B7,NCpVmwegdm
312324243050,"EBENEZER PIRIA RAJA J",3Y-HOPE-B7,eED4nxxpB3
312324243052,"ENIYA RAGHAVI M",3Y-HOPE-B7,2WdhtXjj7s
312324243054,"ESWAR N S",3Y-HOPE-B7,annZyxe2XM
312324243059,"GARSHITA A G",3Y-HOPE-B7,QyRCDPDNsH
312324243066,"GUNDE JAGADEEP",3Y-HOPE-B7,EkSj83q4Gm
312324243067,"HAARIS ABDULLAH S",3Y-HOPE-B7,fFmcuz7U3W
312324243070,"HARIHARAN S",3Y-HOPE-B7,rpefcxXmB6
312324243071,"HARINI D",3Y-HOPE-B7,VjFRhDeqa8
312324243072,"HARISHKUMAR S K",3Y-HOPE-B7,34Pj5MFCTp
312324243079,"JANICE LYDIA PRADYUTHA P",3Y-HOPE-B7,hHNV9aeSvY
312324243080,"JASON J",3Y-HOPE-B7,nTxa3z943n
312324243085,"JEBIN DE BOSCO C",3Y-HOPE-B7,eHfXDypxKG
312324243108,"LIPIKA S",3Y-HOPE-B7,JWft6cfDvd
312324243109,"LITHESH BABU K",3Y-HOPE-B7,be8t3hWBLe
312324243121,"MANOJ S",3Y-HOPE-B7,4tBYf3pDCM
312324243124,"MATHANRAJ M",3Y-HOPE-B7,vGXhaEDPwb
312324243129,"MOHAMED ABUL FAIZAL T",3Y-HOPE-B7,NnFgWjxXQB
312324243141,"NAMITHA S",3Y-HOPE-B7,aJ6m5NF3Ep
312324243149,"NITHYASRI B",3Y-HOPE-B7,ZeTjcxgSvb
312324243157,"PRANAV K",3Y-HOPE-B7,tjpe8aVq6G
312324243158,"PRANITHA A",3Y-HOPE-B7,ZvnnhA2MyF
312324243165,"PRIYAN PAUL EBENEZER C",3Y-HOPE-B7,VaaMkuMuPj
312324243170,"RAKSHANA S",3Y-HOPE-B7,ANtey28smS
312324243173,"RISHIKESAVAN S",3Y-HOPE-B7,3zAfvzfBet
312324243181,"RYAN CHRIST R",3Y-HOPE-B7,jRcdqMLQYK
312324243182,"SABARATHINAM V A",3Y-HOPE-B7,VyP7VjapC2
312324243210,"SHERIL ESTHER V",3Y-HOPE-B7,VwwRU8Jzj7
312324243213,"SHREENIDHI J",3Y-HOPE-B7,e6EQqLhZVJ
312324243216,"SHRUTHIKA THIRUNAVUKKARASU",3Y-HOPE-B7,J8a4BcZCYU
312324243225,"SRI AKSHITHA DEVAN",3Y-HOPE-B7,ywxKcEdcSU
312324243231,"SRINITHA P",3Y-HOPE-B7,PAQU5zPQ6m
312324243233,"SUREKA P",3Y-HOPE-B8,KeRZgzXVjF
312324243243,"THULASI S",3Y-HOPE-B8,bvyBPHtDKJ
312324243244,"TRESA BENANCIA A",3Y-HOPE-B8,SM6X47ywvt
312324243253,"VIVEEN RAJU D",3Y-HOPE-B8,ygPrCfWZRM
312324243255,"WILSON ROY R M",3Y-HOPE-B8,zTtKY8DBd7
312324247010,"ATHIJEEVANAN MATHIVANAN",3Y-HOPE-B8,UnDfJ2sNpg
312324247034,"IMMANUEL JEBAKUMAR R",3Y-HOPE-B8,2r453BZTt2
312324247053,"MELKIBSON S",3Y-HOPE-B8,ZwwcqVAtVU
312324247078,"PRIYAN P",3Y-HOPE-B8,qMDcTsqgYq
312324247084,"RINIKA R",3Y-HOPE-B8,tHCdxTVxzB
312324247089,"SAJEEV R",3Y-HOPE-B8,ZFk6AhUtJX
312324247099,"SHIYAM C",3Y-HOPE-B8,CAgTZGDTvr
312424104017,"AKASH G",3Y-HOPE-B8,EdAsZ6FUeE
312424104059,"DHARSHINI S",3Y-HOPE-B8,LNVm6yUG4c
312424104099,"JASON G",3Y-HOPE-B8,j8HskmBaSY
312424104147,"MOHAMED ASLAM K",3Y-HOPE-B8,wEyZutkSRB
312424104151,"MOHAMMED RASOOL K",3Y-HOPE-B8,mcex2uyjzy
312424104177,"POORANI PALPANDIYAN",3Y-HOPE-B8,psj5A4yMNf
312424104237,"SURYA S V",3Y-HOPE-B8,Wx9c6kMzMJ
312424114021,"SARAVANAN M",3Y-HOPE-B8,xVpG5rQRGG
312424149004,"ANANYA ANILKUMAR",3Y-HOPE-B8,Ef4Ln6vn47
312424149008,"BALACHANDAR P",3Y-HOPE-B8,QaBQ4pnewY
312424149047,"PRIYANGA S",3Y-HOPE-B8,FaNz265AVB
312424149057,"SHAKTHI K",3Y-HOPE-B8,k8c9H6Gyfa
312424149058,"SHAZIYA WAFEEQA S",3Y-HOPE-B8,h6e85cJTdj
312424149062,"YADESHKUMAR K",3Y-HOPE-B8,fg47q6gGpd
312424205039,"BHARATHIRAJA P",3Y-HOPE-B8,2zh7CUFPNf
312424205051,"DHANUSHYA V",3Y-HOPE-B8,LKYwMY3G4b
312424205112,"KAVIN K",3Y-HOPE-B8,u8yE23dAFa
312424205124,"LAKSHANYA S",3Y-HOPE-B8,m5MRb4x2tC
312424205169,"PRASANNA D P",3Y-HOPE-B8,VtEdANJADG
312424205172,"PREETHI V",3Y-HOPE-B8,bHaBx53bGZ
312424205198,"SANTHOSH KUMAR R",3Y-HOPE-B8,exuNheM3P5
312424205206,"SETHU MADHAVAN P",3Y-HOPE-B8,bUAmGLJqmC
312424205229,"SUNILKUMAR S",3Y-HOPE-B8,FTFVAH5H9T
312424243040,"FIDEL ANGUS A",3Y-HOPE-B8,pekDcvGHGS
312424243042,"GIRIDHARAN R",3Y-HOPE-B8,25qA2GFhUG
312424243050,"HARI PRASATH D",3Y-HOPE-B8,n5Ck2zPaHr
312424243149,"SHAN AMRISH GOVINDARAJ",3Y-HOPE-B8,Ty8wCfXBBA
312424243151,"SHARMILA DINESH",3Y-HOPE-B8,6xXMJ7BmUN
312424243154,"SIVA BALAN S",3Y-HOPE-B8,GfbMyBNjZ9
312424243155,"SIVA DARSHINI N",3Y-HOPE-B8,VqrhcxGNaJ
312424243157,"SIVABALAN P",3Y-HOPE-B8,ap7dN64DgR
312424243166,"SUJITHA J",3Y-HOPE-B8,G4yVcCRXpa
312424243191,"YESVANTH KARTHIK V",3Y-HOPE-B8,vPZpv8Maay
312325104019,"ANANDHAVEL A",2Y-HOPE-ELITE,fmnjRUBnuW
312325104036,"ASHWIKHA S",2Y-HOPE-ELITE,mysden7JAs
312325104043,"BALAJI SANJAY A",2Y-HOPE-ELITE,Nz8rVEG3Aa
312325104091,"GNANASAKTHI T",2Y-HOPE-ELITE,ppBEzM5Quy
312325104096,"GOWTHAM M",2Y-HOPE-ELITE,hrLUzcYNHR
312325104100,"HARINI G",2Y-HOPE-ELITE,rN5TAxemjM
312325104105,"HARISH BALAJI R",2Y-HOPE-ELITE,r7k2nKbjEf
312325104119,"JANANI B N",2Y-HOPE-ELITE,D3kvcvC9bY
312325104128,"JAYDEN JESWIN RAJ G",2Y-HOPE-ELITE,kBALxRV9dr
312325104175,"LEON RAJ J",2Y-HOPE-ELITE,VMsCxGReKa
312325104183,"MOHAMED FADHIL M",2Y-HOPE-ELITE,bxrWYwkkpK
312325104216,"PON SWETHA G J",2Y-HOPE-ELITE,mhdPc8qgVb
312325104286,"SRI VARSHNI M",2Y-HOPE-ELITE,VkmGrG5yUv
312325104296,"SUNIL N",2Y-HOPE-ELITE,btGXpRqVrM
312325104310,"THILAMAREN S S",2Y-HOPE-ELITE,HUdaX4gBEx
312325104313,"THIRUPATHI SELVARAJ V R",2Y-HOPE-ELITE,pxLWDeENDz
312325104330,"VIVIYAN PRINCE P",2Y-HOPE-ELITE,mf6tS9VxxL
312325105036,"JAYA PRATHIBA PRABAKARAN",2Y-HOPE-ELITE,NPFt2YLrWQ
312325106048,"GIRISH R M",2Y-HOPE-ELITE,ZYhGHSvVub
312325106110,"MOHAMED RAKSHAN S",2Y-HOPE-ELITE,8shfEwksQm
312325106198,"VISHNU PRIYA K",2Y-HOPE-ELITE,mtwMjtx5yG
312325149006,"ANGELINE MARRY D",2Y-HOPE-ELITE,ygEBPHNFkd
312325149033,"MEENAKSHI M",2Y-HOPE-ELITE,vU4rTZdFPk
312325205042,"DHEERAJ M",2Y-HOPE-ELITE,ScftkHEa2M
312325205049,"GANESHBABU B",2Y-HOPE-ELITE,nUqtmwFfMS
312325205090,"KAILASH N",2Y-HOPE-ELITE,t5XvUbRvjr
312325205176,"REYHAAN S",2Y-HOPE-ELITE,ktehXwMxDx
312325205218,"SHRUTHIKA SUYARAJ",2Y-HOPE-ELITE,d4CGcvrk2P
312325243023,"ASHOK K",2Y-HOPE-ELITE,cDX7rsuaRB
312325243040,"DHANUSH KUMAR S",2Y-HOPE-ELITE,ExXbcjPF3W
312325243055,"GADAMSETTY V SANJANA",2Y-HOPE-ELITE,fDeVywVUUM
312325243057,"GANESH KUMAAR B",2Y-HOPE-ELITE,phat9JDEVv
312325243075,"HARISH KUMAR K",2Y-HOPE-ELITE,vwAYcmM4wc
312325243134,"MOHAMED AAQIL M",2Y-HOPE-ELITE,gRh4qS7LRL
312325243153,"PARMESH K S",2Y-HOPE-ELITE,XdKAdfN3Us
312325243182,"ROKESHWARAN M",2Y-HOPE-ELITE,4zwYPwDEwk
312325243186,"RUKMANGATHAN R P",2Y-HOPE-ELITE,3kS5GQutRE
312325243218,"SIVAGNANAVEL G",2Y-HOPE-ELITE,RKD5qhjt3g
312325243254,"VISHANTH V S",2Y-HOPE-ELITE,gHFnUsdKu2
312325244008,"BHARANI P",2Y-HOPE-ELITE,TmJRaMJznJ
312325247025,"DHANUSH RAJ V R",2Y-HOPE-ELITE,cX2rAmPd4n
312325247034,"GAUTHAM KRISHNA A",2Y-HOPE-ELITE,w8K4P8rmyG
312325247047,"JERIM W",2Y-HOPE-ELITE,TAdUgByNWJ
312325247050,"KARTHEESH SHANKAR",2Y-HOPE-ELITE,SvVsexZWZR
312325247054,"KEVIN JONATHAN A K",2Y-HOPE-ELITE,xTgWysecct
312325559034,"MARIA K PAUL",2Y-HOPE-ELITE,3ttWG2eh3D
312325559054,"SANJANA RIA RAJ",2Y-HOPE-ELITE,FTSGjb2Qwd
312425104049,"DEVESH NATHAN",2Y-HOPE-ELITE,sCD3335RRZ
312425104059,"DINESHKUMAR V",2Y-HOPE-ELITE,AB4ukzBG74
312425104072,"HANNIEL JOSE",2Y-HOPE-ELITE,RteDxpYDXP
312425104079,"HARINEE S",2Y-HOPE-ELITE,xsytwwFdkV
312425104092,"JANARTHANAN V",2Y-HOPE-ELITE,9DyHrtVQa2
312425104098,"JAYACHANDIRAN T V",2Y-HOPE-ELITE,LC8WwRkfhE
312425104101,"JEFFRIN JEBUSON K",2Y-HOPE-ELITE,NkyjfRJ9Z9
312425104154,"NANDHA KUMAR M",2Y-HOPE-ELITE,nRRzrLZ52x
312425104159,"NIRULA V",2Y-HOPE-ELITE,nLKr8p3gaf
312425104171,"PRADEEP CHENGADA K",2Y-HOPE-ELITE,6s2wz4wYpg
312425104182,"PRAZILA PEARL J",2Y-HOPE-ELITE,Fy9B4nnzzc
312425104204,"ROSHAN SHAKTHI S",2Y-HOPE-ELITE,LBya6T5yTG
312425104243,"SUDHANJANAN D V",2Y-HOPE-ELITE,tjdVVVX2x3
312425106048,"EDWIN JOE R",2Y-HOPE-ELITE,Cjxuw75Y4P
312425106125,"NAVEEN S",2Y-HOPE-ELITE,26zUwSt2Ym
312425106159,"SANJAY NARAYANAN N",2Y-HOPE-ELITE,YUNCPDJ8rS
312425148020,"GURUPRASATH S B",2Y-HOPE-ELITE,Rbh83L2Nay
312425148067,"VAIBHAV S",2Y-HOPE-ELITE,WKBzcBSvvY
312425149019,"FLAVIN M L",2Y-HOPE-ELITE,fbveFfTXUv
312425149034,"KEVIN JOEL V",2Y-HOPE-ELITE,pMEEZs2rge
312425149064,"YUVAN P M",2Y-HOPE-ELITE,uQp8sdd8gr
312425243010,"ALEKH KUMAR",2Y-HOPE-ELITE,j7AWAEJvYj
312425243054,"GOKULRAJ D",2Y-HOPE-ELITE,pAg9Jy9q4U
312425243093,"MADHESH S",2Y-HOPE-ELITE,q4XwRc466g
312425243112,"MUTHUBALA K",2Y-HOPE-ELITE,aCGTjWAHkG
312425243129,"PRISHA ADITHI MURUGAN",2Y-HOPE-ELITE,hSDsMse9Rj
312425243171,"SREE HARINI R S",2Y-HOPE-ELITE,gCwHjk7tAp
312325104032,"ARVINDA SHIVA R G",2Y-HOPE-B1,GYu8Ekbnpc
312325104080,"DIVYA DHARSHINI M (06-04-2007)",2Y-HOPE-B1,BrqF6uMU3c
312325104089,"GIRIDHARAN K",2Y-HOPE-B1,fuXTZ7Hfj7
312325104099,"GURUPRASATH M S",2Y-HOPE-B1,wrpY2NhrzK
312325104102,"HARISH M",2Y-HOPE-B1,UjxcQHG82m
312325104111,"HEMAVARADAN V",2Y-HOPE-B1,RY6vg3bZ2E
312325104125,"JASON J",2Y-HOPE-B1,staVRnyJbu
312325104150,"KANISKA P",2Y-HOPE-B1,zV3vfCKrMS
312325104165,"KOHILA PRIYA M",2Y-HOPE-B1,D86jcAm84e
312325104190,"MUCHINTHA N",2Y-HOPE-B1,VfUKAFKBnN
312325104203,"NIRMALELANGOVAN",2Y-HOPE-B1,w8SxtHK2dN
312325104227,"PRAVEEN N",2Y-HOPE-B1,7qCqnXMzr7
312325104276,"SIANA S",2Y-HOPE-B1,cZvpmF4Ujp
312325104280,"SIVAHARISH S",2Y-HOPE-B1,G2FkrddgVF
312325104281,"SOWMIYA S",2Y-HOPE-B1,Y7weafP9BY
312325104307,"THAVANESH SARAVANAN",2Y-HOPE-B1,xwAcj2VH4x
312325104312,"THIRUKUMARAN S",2Y-HOPE-B1,pw2yrnycAE
312325105004,"AMIRTHA GOWRI K",2Y-HOPE-B1,NuRgBTjACk
312325106052,"GOWRI SHANKAR.M",2Y-HOPE-B1,rhTUKGT6FL
312325106173,"SHERLY E",2Y-HOPE-B1,5cpatc8pxm
312325106181,"SRINGESH V",2Y-HOPE-B1,BqrwJT3LvH
312325149013,"DHARSHAN M",2Y-HOPE-B1,5cccxB36wa
312325205008,"AISHWARIYALAKSHMI V",2Y-HOPE-B1,w3jjFL3JV8
312325205018,"ANN JASLYN P",2Y-HOPE-B1,f3ts7axuw2
312325205035,"BANU SHAHANA S",2Y-HOPE-B1,DW3dTYkxLb
312325205065,"HEMAL B M",2Y-HOPE-B1,eUtqJ66dmd
312325205131,"MONIKA L",2Y-HOPE-B1,4QEEhKcJ6W
312325205137,"NANDHITHA A",2Y-HOPE-B1,Wm4MmeB7GJ
312325205197,"SANTHOSH S",2Y-HOPE-B1,qAvYBYTvvm
312325205207,"SHARAN KRISHNA V",2Y-HOPE-B1,VLPSGzetwP
312325214007,"ARIYA M",2Y-HOPE-B1,QLegEFDSLe
312325214057,"SARVAN RAM",2Y-HOPE-B1,BenA5nUHSY
312325243144,"NARESH KUMAR N",2Y-HOPE-B1,4xhhS53nLj
312325243148,"NAVYASHREE S",2Y-HOPE-B1,kVRBgzYXMS
312325243183,"ROSHAN KUMAR S",2Y-HOPE-B1,9B5CQ2MycU
312325243200,"SANJAY KUMAR DUBEDI",2Y-HOPE-B1,asc85LA5YX
312325243211,"SHINO ANSON ANAND",2Y-HOPE-B1,EBptgyukyA
312325243214,"SHRINIDHI S S",2Y-HOPE-B1,5eVT5d8gMF
312325243226,"SRIMATHI S",2Y-HOPE-B1,gVVuLEyhLV
312325243247,"VEERESHWAR S",2Y-HOPE-B1,22UcprP3wu
312325247002,"ADELIN REBECCA P",2Y-HOPE-B1,wrhuppZh53
312325247006,"AMAL AARON S",2Y-HOPE-B1,GhvCV6vtmk
312325247015,"AYAAN IBRAHIM",2Y-HOPE-B1,YzFKFTtZmW
312325247070,"MOUSUMI RANI SWAIN",2Y-HOPE-B1,VEGapLzUeH
312325247099,"SACHINDRA S",2Y-HOPE-B1,RxfqrcpHJK
312325559019,"HOWSHIK V",2Y-HOPE-B1,5V4xaxTLZK
312425104067,"GOKUL RAAM H R",2Y-HOPE-B1,brjmL8bzHh
312425104077,"HARIHARAN M",2Y-HOPE-B1,PcYUjrMnLm
312425104114,"KALAINAMBI. K",2Y-HOPE-B1,a2kDk9mutE
312425104121,"KAVIN J",2Y-HOPE-B1,hKgk8NmdYD
312425104140,"MANOJ M",2Y-HOPE-B1,4ZEbgbBeA6
312425104145,"MITTU S SAMUEL",2Y-HOPE-B1,FYSaSpRxZu
312425104174,"PRAMOTH G",2Y-HOPE-B1,cygquhZDUP
312425104193,"PUSHPA SOFIYA A",2Y-HOPE-B1,rXjE7nbDXg
312425106046,"DHAYANANTH L",2Y-HOPE-B1,W6dQydnh34
312425106054,"GOLDA STEPHE G S",2Y-HOPE-B1,KEm6MDSRgD
312425106064,"ISAIAH HARRISON D",2Y-HOPE-B1,2wjJzuApFk
312425106075,"JOHN LUDUS",2Y-HOPE-B1,EswAptdXS5
312425106100,"LINGAESHWARAN M",2Y-HOPE-B1,whcDdWR4rP
312425106126,"NAVEEN SELVAM B",2Y-HOPE-B1,SuCnmEeDLM
312425106186,"THARUN D",2Y-HOPE-B1,mq7ewD8YTx
312425148023,"INNAMUDHAN A",2Y-HOPE-B1,GGxXaJS2kp
312425148024,"JAGADEESWARAN",2Y-HOPE-B1,jCCPxht2LG
312425148025,"JESURAJ R",2Y-HOPE-B1,erjdcBjavM
312425148035,"MOHAMED FARAN NASHAT A F",2Y-HOPE-B1,AJytf3sLwx
312425148052,"PRIYAN",2Y-HOPE-B1,B3xhTT3cY9
312425149052,"RAKSHITHA G V",2Y-HOPE-B1,XhvcvbeeRH
312425205081,"JASWANTH D",2Y-HOPE-B1,4vsZbwPauC
312425205122,"MOHAMAD RAZEEN S",2Y-HOPE-B1,JvJDjRZC5u
312425205123,"MOHAMED FAHIM U",2Y-HOPE-B1,BGD6qWcywW
312425205124,"MOHAMMED ANAS A",2Y-HOPE-B1,R4U4UgnHdY
312425205178,"SAINIMAL G E",2Y-HOPE-B1,dmrASGhSwA
312425243026,"BHUVANESWARI S",2Y-HOPE-B1,6gNpet8BfX
312425243045,"DINESH M",2Y-HOPE-B1,AjsZMW9vy2
312425243067,"JANANI K",2Y-HOPE-B1,mRQURwMw9Y
312425243070,"JEEVA M",2Y-HOPE-B1,CY3q8FN9XF
312425243189,"VARSHINI P",2Y-HOPE-B1,Rkg7wGYzF8
312325104006,"ADITHYA S",2Y-HOPE-B2,prtE9awWmZ
312325104009,"AKAASH VIKRAM Y",2Y-HOPE-B2,mvG4zjgjxP
312325104016,"AMIRTHAA GOWRI S",2Y-HOPE-B2,4z6TGZBt5L
312325104024,"ANTONY AHELGEN A",2Y-HOPE-B2,KYcheXmV9N
312325104027,"ANUSHKAR S",2Y-HOPE-B2,MWBTFsdFXS
312325104057,"CHRIS LAURA",2Y-HOPE-B2,cT8nVAnZ5k
312325104071,"DHARSHINI L",2Y-HOPE-B2,Aqn8NXHGSq
312325104101,"HARISH D",2Y-HOPE-B2,QdUCjMyyuv
312325104133,"JEEVASUNDAR S",2Y-HOPE-B2,RFKejsHskk
312325104137,"JENNIFER M",2Y-HOPE-B2,t3sT3bvJjg
312325104139,"JIAH SHIFANA A",2Y-HOPE-B2,As8c72Bw6B
312325104147,"KAMALESH M",2Y-HOPE-B2,7J7s5ABUJJ
312325104161,"KEVIN DANIEL BENNINGS STANLEY",2Y-HOPE-B2,c3rautWrU5
312325104173,"LEENA CATHERINE.H",2Y-HOPE-B2,9sUEgw6Eyx
312325104176,"MAANUSRI M S",2Y-HOPE-B2,SBPJB7uGqJ
312325104185,"MOHAMMED SHAHRUKHUDDEEN N",2Y-HOPE-B2,FC4nD55g6R
312325104187,"MONEESVURAN S P",2Y-HOPE-B2,Sd5GaUX99B
312325104191,"MUHAMMED SHAUKATH A",2Y-HOPE-B2,pqDCmYjHhA
312325104200,"NIMAL G",2Y-HOPE-B2,EHGLVUenFr
312325104226,"PRAVEEN KS",2Y-HOPE-B2,VKwrp2t62h
312325104234,"RAJAMANNAR ASHRITHA",2Y-HOPE-B2,8G5DNZ9mTQ
312325104245,"R.ROGERS SAMUEL",2Y-HOPE-B2,DH7jaZHP7Y
312325104257,"SANTHOSH KUMAR S",2Y-HOPE-B2,6u6H4Kr4ux
312325104318,"VARUN",2Y-HOPE-B2,yvvP9fG3PD
312325104319,"VARUNIKA SHREE S",2Y-HOPE-B2,hksfmfX68Y
312325105055,"NITHILAN B",2Y-HOPE-B2,DBtUgHmkQD
312325106002,"AARHUDHRA S",2Y-HOPE-B2,fseSADFRnY
312325106034,"DHAANUSHRI M S",2Y-HOPE-B2,JKYB5f35Jr
312325106044,"DIVESH VARUN S",2Y-HOPE-B2,ku6pUZS2Pj
312325106049,"GLADUS LENIJA A J",2Y-HOPE-B2,eXS2mpbcvj
312325106054,"HARI PRASANTH L",2Y-HOPE-B2,GCbXrV6Zmu
312325106079,"KEVIN FETRIC B",2Y-HOPE-B2,sRv59YumWR
312325106083,"KIRANBABU K",2Y-HOPE-B2,fXN4uUxCND
312325106086,"KRITHICK ROSHAN",2Y-HOPE-B2,Nkd4GT8hdm
312325106092,"LOHITHCHANDRU R",2Y-HOPE-B2,hZWKkYdtE4
312325106096,"MANI SANKAR P",2Y-HOPE-B2,PbqM6nJx6s
312325106111,"MOHAMED RASHIDH U",2Y-HOPE-B2,Wd8bz7NDZw
312325106123,"NIVAS K V",2Y-HOPE-B2,WrSjwJe9zk
312325106134,"PRUTHIV BALAJI E",2Y-HOPE-B2,mLbgRDBtcn
312325106156,"SANJANA SRIDHAR",2Y-HOPE-B2,NrmLwbtcdk
312325115001,"AJAY VIGNESHWARAN S",2Y-HOPE-B2,gxrxx6z7rE
312325115005,"DEEPAK KUMAR B S",2Y-HOPE-B2,yPyVNpBk7R
312325149001,"ABINAYAA V",2Y-HOPE-B2,qpshmFZKy6
312325149014,"DIVYA SRI G",2Y-HOPE-B2,7S7tkPLa2p
312325149030,"LINGESHWAR NAGARAJAN",2Y-HOPE-B2,CdQ4SZ3HEp
312325149035,"MUGESH G",2Y-HOPE-B2,4jQaAc6U7q
312325149040,"NITHYASHREE S",2Y-HOPE-B2,BXDhUr38hd
312325149041,"NIVETHASREE P",2Y-HOPE-B2,2pHzNY7GxX
312325149050,"RISHIKUMAR D",2Y-HOPE-B2,eh5hhec7Tk
312325149051,"RITHIGA MK",2Y-HOPE-B2,Pk67y6RLxd
312325149052,"SADHANA S",2Y-HOPE-B2,cUfPq3zajk
312325149062,"VISHVATH MANIKANTAN",2Y-HOPE-B2,DKkWwD4CNQ
312325149066,"YOGESHWARAN",2Y-HOPE-B2,LNNpsH9ds3
312325205009,"AKILAN S",2Y-HOPE-B2,zpQd3mZQYV
312325205046,"EVAN STAINS E",2Y-HOPE-B2,LSBdBbVBB8
312325205088,"JOYCELYN S",2Y-HOPE-B2,h9jc4JFyJV
312325205094,"KARTHIKEYAN C K",2Y-HOPE-B2,uGewceJmbn
312325205108,"MADHANRAJ MANIKANDAN",2Y-HOPE-B2,cL2sKf6bJF
312325205144,"NISHITHA.V",2Y-HOPE-B2,ZE9uWu9Rcx
312325205147,"NITHIN SRIVATSAN L",2Y-HOPE-B2,bjNMVhBqmP
312325205184,"SADHANA S",2Y-HOPE-B2,DTQF2Kucrd
312325205187,"SAHANA R",2Y-HOPE-B2,BuMqebh5uf
312325205192,"SANDHYA G",2Y-HOPE-B2,7dcAmbCTcY
312325205194,"SANJANA G",2Y-HOPE-B3,9k66zetKXN
312325205204,"SHAFEEQ AHMAD M",2Y-HOPE-B3,vAQfBcHmWY
312325205238,"THARSAN C",2Y-HOPE-B3,JuRFHyLwvK
312325243001,"AADHISESHAN M",2Y-HOPE-B3,53h8QFXFCW
312325243003,"AALAN VIJESH B",2Y-HOPE-B3,RbPUUVdERr
312325243007,"ABISHEK K",2Y-HOPE-B3,BjkJSUs3jG
312325243012,"AKILESH B",2Y-HOPE-B3,qy2vkVhRJj
312325243022,"ARUNEESHWAR A",2Y-HOPE-B3,KS2NY8P6Ma
312325243031,"BENITO VERJIN V.C",2Y-HOPE-B3,aQjSDJWtEy
312325243048,"DHAYANITHI K",2Y-HOPE-B3,ZnEu5d4UdM
312325243059,"GIRIDHARAN K",2Y-HOPE-B3,gv992rBEqt
312325243066,"GUHAN.P",2Y-HOPE-B3,93f7QRLKdY
312325243071,"HARINI R",2Y-HOPE-B3,ysma7Y7Kv9
312325243082,"INBAKUMANA U",2Y-HOPE-B3,NHEPY77U9P
312325243083,"ISSAMMA A",2Y-HOPE-B3,ahTjxftMLr
312325243085,"JAIDEEP KRISHNA A",2Y-HOPE-B3,Aeh25vdFLj
312325243088,"JEBINSON J",2Y-HOPE-B3,Zh3agY3mhc
312325243097,"KAMALESHWARAN s",2Y-HOPE-B3,xcTfLPgNr5
312325243102,"KANNAN V",2Y-HOPE-B3,C6z84kRdwV
312325243107,"KAVIN KALANJIAM S",2Y-HOPE-B3,aXSXxg8qFS
312325243187,"SABARI R",2Y-HOPE-B3,2L3ZMXUWtZ
312325243195,"SAKTHI SUBATHRA .C",2Y-HOPE-B3,AcbSC2N35v
312325243197,"SAMYUKTHA R",2Y-HOPE-B3,yTLGqxXpbC
312325243203,"SEEMA ROSHAN M",2Y-HOPE-B3,XMhfzwddL4
312325243228,"SRIRAM P",2Y-HOPE-B3,d8pdRf55PQ
312325243243,"UDHAYA SHREE .V",2Y-HOPE-B3,s6AMAtAKte
312325243258,"YOGESH KUMAR K",2Y-HOPE-B3,H37vnYzHKy
312325243260,"YOHAN PRAKASH .J",2Y-HOPE-B3,UXfY7HPtkW
312325244001,"AASHISH AIYAMPERUMAL M",2Y-HOPE-B3,AYXgktXxpr
312325244006,"ARJUN SELVAM",2Y-HOPE-B3,FMLAU43yyj
312325244013,"DHARUN CHANDRAN R",2Y-HOPE-B3,Emu2aeaQED
312325244022,"KESHAV B",2Y-HOPE-B3,qH7jBDQVXr
312325244044,"RAJESH R",2Y-HOPE-B3,ucfugEzmDb
312325244051,"SHREYAS S",2Y-HOPE-B3,abYaMSzTdz
312325244054,"SRIDEV S",2Y-HOPE-B3,GyJLAmJe8c
312325244061,"SAI MANASA VAARTHA",2Y-HOPE-B3,J6wt5tUdv3
312325247010,"ASHOK S",2Y-HOPE-B3,uhTzfkfyFx
312325247027,"DHARINEESH P B",2Y-HOPE-B3,qWtYNXZEq4
312325247038,"HARI KRISHNAN M",2Y-HOPE-B3,mmLPFRWg3j
312325247044,"INFANT JERICK A",2Y-HOPE-B3,5RnQBFB8Dq
312325247048,"JOEL RANJITH",2Y-HOPE-B3,aUnRaVcPgZ
312325247049,"KALAIYARASI D",2Y-HOPE-B3,wEPC2ndHxX
312325247052,"KAVIYA P",2Y-HOPE-B3,udB9qqQWD6
312325247083,"PUNITA CHANDRAVADANA ARPUTHRAJ",2Y-HOPE-B3,Y4uV4ZWLJA
312325247090,"RAM KUMAR V",2Y-HOPE-B3,nsrRW3Xw34
312325247094,"RITHUL RAVEENDRAN",2Y-HOPE-B3,36wPMp7LSd
312325247097,"RUBASREE B",2Y-HOPE-B3,NQCPsebdyy
312325247108,"SANTOSH KUMAR S",2Y-HOPE-B3,DBfwvyzQPt
312325247110,"SARANKUMAR R",2Y-HOPE-B3,uHFVA64CYU
312325247111,"SATHISH KUMARAN R",2Y-HOPE-B3,v87jypdUjx
312325247123,"THARUN",2Y-HOPE-B3,DvDzhHQWQE
312325247127,"VIGNESHWARAN",2Y-HOPE-B3,43fyHVjqqZ
312325559061,"YOGAVIGNESH S",2Y-HOPE-B3,LFPaUK9RXp
312425104015,"ANTHONY GRACE MARY M",2Y-HOPE-B3,SUc93jpVdS
312425104029,"AVANTHIKA LAKSHMI D",2Y-HOPE-B3,WrhS6PvmV9
312425104037,"BHAVYASHRI R M",2Y-HOPE-B3,SeuKZMzK5c
312425104062,"ERAIYANBU S",2Y-HOPE-B3,CerpMU5JVv
312425104081,"HARINI G",2Y-HOPE-B3,LASVp298JQ
312425104083,"HARISH S",2Y-HOPE-B3,pdYFwZtaqB
312425104100,"JEFFREY STANLEY DHANASINGH",2Y-HOPE-B3,tsbjGxkbUu
312425104107,"JESSICA R",2Y-HOPE-B3,nGsXnKzPN8
312425104112,"JOYCE BLESSY JAGANATHAN",2Y-HOPE-B3,VHrDEKGmj4
312425104116,"KANNAN YUVARAJ",2Y-HOPE-B3,rUpa6hedhX
312425104149,"MOHANA KUMAR S",2Y-HOPE-B4,pPPrESk9bg
312425104203,"ROPHE ANGEL S",2Y-HOPE-B4,sgg3jVTFfR
312425104212,"SAICHANDRAMOULEESWARAN T",2Y-HOPE-B4,PJRzFgjkaf
312425104217,"SANJAY K",2Y-HOPE-B4,w25CkS54qz
312425104218,"SANJAY KUMAR P",2Y-HOPE-B4,5ZpWT8FENe
312425104224,"SHAHID MOHAMMED RAFEEQ",2Y-HOPE-B4,YknXDgHAH5
312425104240,"SRI RAMAANUJA DASAN P",2Y-HOPE-B4,huyLtdfvpx
312425104253,"THIRUMARAN B",2Y-HOPE-B4,N5PrmyZQND
312425104261,"YOGESH SUBRAMANI B",2Y-HOPE-B4,pMAzhuuTep
312425106024,"ANDREW SAMUEL",2Y-HOPE-B4,wBheacqHsp
312425106042,"CHRISTOPHER J",2Y-HOPE-B4,R8f3upNkAc
312425106051,"FAYAS AHAMED I",2Y-HOPE-B4,M25K5mdYRZ
312425106065,"JAGADHEESH",2Y-HOPE-B4,3p8VhSp6GS
312425106067,"JANANI SRI J",2Y-HOPE-B4,nKweD4rCLm
312425106071,"JEROME SAMUEL C",2Y-HOPE-B4,vhubewM6Um
312425106080,"KABILASH A M",2Y-HOPE-B4,pxkaFmR282
312425106084,"KANISHKA S",2Y-HOPE-B4,frwdmDULLb
312425106099,"KULLDEEP SANTHOSH S",2Y-HOPE-B4,pgvuQHzV6u
312425106109,"MITHUL ADHITHYA N",2Y-HOPE-B4,PmdwVPFcym
312425106111,"MOHAMED ABRAR HABEEB S H",2Y-HOPE-B4,65FnNDkM7a
312425106112,"MOHAMED SHAFIQ HAMEED A",2Y-HOPE-B4,M9DHhqAzBX
312425106133,"PRATHESH V J",2Y-HOPE-B4,nZu26ERSKv
312425106135,"PAVEEN GANESH S D",2Y-HOPE-B4,uyJK4J9YRs
312425106139,"PRIYA DHARSHINI K",2Y-HOPE-B4,GW4X69HFaN
312425106156,"SABARISH.S",2Y-HOPE-B4,p5CxLnVH5h
312425106160,"SANJAY S",2Y-HOPE-B4,LsKmcxTCV4
312425106167,"SHAKTHI M",2Y-HOPE-B4,ADmGMtCjz6
312425106197,"YASWANTH B",2Y-HOPE-B4,yGnjvFak5H
312425114022,"SAMUEL ISAAC",2Y-HOPE-B4,QzTH4kJDeu
312425148043,"NIMMALA NITYASREE",2Y-HOPE-B4,CXRZJ7GKZj
312425148046,"NIVEDHITHA K",2Y-HOPE-B4,ERgCCCFMD2
312425148061,"SAMYUKTHA  BALA SEKHARAN",2Y-HOPE-B4,pYJAPsu4e9
312425149006,"ANTO VIVINA D",2Y-HOPE-B4,Gntd3ZHhLq
312425149013,"CHITRALAKSHMI T",2Y-HOPE-B4,3s2XqNrxzw
312425149048,"PRIYANKA.A",2Y-HOPE-B4,BL3D2pnVX7
312425205015,"AMIRTHAVARSHINY V",2Y-HOPE-B4,fVGgEuFGrC
312425205047,"DINESH P",2Y-HOPE-B4,XSQ7sB2Lwb
312425205050,"DIVYA DHARSHINI K",2Y-HOPE-B4,FT5zpRZf5P
312425205052,"DURGA NANDITA KADA",2Y-HOPE-B4,xaPJngd6ny
312425205089,"JOSHIYAA A",2Y-HOPE-B4,VqdcKG2wMe
312425205093,"KABILAN M",2Y-HOPE-B4,GUmwEhtgFB
312425205114,"LAYA L",2Y-HOPE-B4,RJkuZ8XeNq
312425205128,"MUTHU SUNDAR S",2Y-HOPE-B4,sh54eUaPrz
312425205131,"NETHRA T N",2Y-HOPE-B4,6uLYPYEzex
312425205133,"NIDHISH K K",2Y-HOPE-B4,fbEdd3rUNq
312425205142,"NITIN N",2Y-HOPE-B4,gzTs8S8gf9
312425205151,"PRANEETH K",2Y-HOPE-B4,BN5GRVPnJv
312425205158,"PREM SANKAR M T",2Y-HOPE-B4,manQVCBzEr
312425205167,"RAVI SHANKAR S",2Y-HOPE-B4,Gh2BEp5EX3
312425205189,"SANTHOSH E",2Y-HOPE-B4,KshJw2JHbX
312425205194,"SETHURAMAN R",2Y-HOPE-B4,pJV3KGKpfv
312425205200,"SHIVAKEERTHANA GV",2Y-HOPE-B4,as43uD97wm
312425243085,"KAYALVIZHI D",2Y-HOPE-B4,hvmqcj7f4n
312425243095,"MADHUMATHI V",2Y-HOPE-B4,Gzvbu8kVBR
312425243096,"MADHUMITHA R",2Y-HOPE-B4,69d8AVnHbz
312425243109,"MONISH V",2Y-HOPE-B4,67QRACAvqY
312425243122,"PONBARATHY S",2Y-HOPE-B4,2NFzr3x2YY
312425243138,"RITHIKA S",2Y-HOPE-B4,vHx7rZ8eXH
312425243148,"SAI SHERWIN RAJ V S",2Y-HOPE-B4,VAxYdNr9zt
312425243167,"SIDRA IRUM U",2Y-HOPE-B4,JbBjLFySwk
312425243179,"SUSHMITHA A M",2Y-HOPE-B4,p5t5SaLbp9
312425243188,"VARSHA M",2Y-HOPE-B4,69QNCNegHj
